cityid,cloudiness,country,date_time,humidity,lat,lon,max_temp,name,temp,wind
1651810.0,100.0,TL,1607301923.0,87.0,-8.93,125.41,21.33,airai,21.33,0.85
2094027.0,56.0,PG,1607301923.0,66.0,-6.22,155.63,29.84,kieta,29.84,1.75
124291.0,20.0,IR,1607301923.0,93.0,33.12,46.16,4.0,mehran,4.0,1.0
2037078.0,0.0,CN,1607301923.0,88.0,49.2,119.7,-15.36,hailar,-15.36,6.77
6201424.0,78.0,NZ,1607301807.0,63.0,-46.19,168.86,18.33,mataura,18.33,4.92
5866583.0,90.0,US,1607301808.0,87.0,57.79,-152.41,6.0,kodiak,6.0,8.2
3466980.0,100.0,BR,1607301924.0,83.0,-17.71,-39.25,23.92,caravelas,23.92,3.19
3419842.0,100.0,GL,1607301839.0,94.0,66.94,-53.67,-3.86,sisimiut,-3.86,6.93
1214488.0,100.0,ID,1607301796.0,81.0,4.14,96.13,25.67,meulaboh,25.67,1.21
2138555.0,0.0,NC,1607301924.0,75.0,-20.23,164.02,27.26,poum,27.26,6.71
2022572.0,31.0,RU,1607301890.0,88.0,71.97,102.5,-27.87,khatanga,-27.87,1.97
1513491.0,100.0,UZ,1607301925.0,79.0,40.43,71.72,-2.0,komsomolskiy,-2.0,3.1
4030556.0,0.0,PF,1607301925.0,79.0,-23.12,-134.97,24.87,rikitea,24.87,6.23
779622.0,0.0,NO,1607301925.0,63.0,71.0,24.66,-1.0,havoysund,-1.0,9.3
2122104.0,97.0,RU,1607301925.0,77.0,53.05,158.65,-14.0,petropavlovsk-kamchatskiy,-14.0,4.0
6186122.0,20.0,CA,1607301925.0,74.0,44.74,-81.13,-1.11,wiarton,-1.97,1.0
3833367.0,75.0,AR,1607301695.0,93.0,-54.8,-68.3,10.0,ushuaia,10.0,4.1
2206939.0,1.0,NZ,1607301926.0,63.0,-46.6,168.33,18.33,bluff,18.33,4.92
3446866.0,0.0,BR,1607301926.0,80.0,-11.85,-40.79,18.95,tapiramuta,18.95,0.51
2171099.0,59.0,AU,1607301927.0,63.0,-38.27,141.97,13.59,codrington,13.59,9.54
3372964.0,100.0,PT,1607301927.0,72.0,39.05,-27.98,15.86,lagoa,15.86,3.27
5848280.0,75.0,US,1607301927.0,65.0,22.08,-159.32,28.0,kapaa,27.05,3.6
3355672.0,0.0,NA,1607301927.0,82.0,-26.65,15.16,15.07,luderitz,15.07,6.19
964432.0,100.0,ZA,1607301798.0,89.0,-33.59,26.89,20.58,port alfred,20.58,12.12
5364271.0,93.0,US,1607301927.0,52.0,38.42,-121.42,15.0,laguna,14.37,1.6
2012956.0,100.0,RU,1607301790.0,94.0,61.28,108.01,-13.26,yerbogachen,-13.26,4.09
1507390.0,50.0,RU,1607301928.0,93.0,73.51,80.55,-20.57,dikson,-20.57,4.77
5855927.0,1.0,US,1607301689.0,58.0,19.73,-155.09,29.0,hilo,25.47,5.1
1175712.0,24.0,PK,1607301928.0,79.0,25.05,61.74,23.88,jiwani,23.88,1.46
3883457.0,100.0,CL,1607301928.0,94.0,-37.62,-73.65,11.68,lebu,11.68,4.0
5880054.0,1.0,US,1607301661.0,70.0,71.29,-156.79,-17.0,barrow,-17.0,3.6
3874787.0,100.0,CL,1607301762.0,63.0,-53.15,-70.92,16.0,punta arenas,16.0,9.8
1254046.0,0.0,IN,1607301882.0,80.0,25.52,90.22,15.8,tura,15.8,1.14
4032243.0,75.0,TO,1607301929.0,83.0,-21.2,-175.2,28.0,vaini,28.0,5.7
750468.0,5.0,TR,1607301929.0,81.0,41.47,34.77,4.61,boyabat,4.61,0.61
1634614.0,58.0,ID,1607301930.0,68.0,-3.37,135.48,29.78,nabire,29.78,0.75
352628.0,5.0,EG,1607301930.0,33.0,28.42,30.78,15.55,matay,15.55,4.02
6170031.0,40.0,CA,1607301806.0,84.0,69.45,-133.04,-18.0,tuktoyaktuk,-18.0,3.6
546105.0,0.0,RU,1607301930.0,58.0,59.7,30.79,-1.11,nikolskoye,-1.76,4.0
1623197.0,78.0,ID,1607301904.0,65.0,-5.67,132.75,29.67,tual,29.67,0.54
3652764.0,72.0,EC,1607301931.0,91.0,-0.74,-90.35,22.22,puerto ayora,22.22,0.89
3466704.0,100.0,BR,1607301931.0,97.0,-24.79,-50.01,15.42,castro,15.42,3.71
2527087.0,0.0,MA,1607301931.0,62.0,29.58,-9.5,11.17,tiznit,11.17,1.37
2075265.0,0.0,AU,1607301931.0,66.0,-33.65,115.33,18.33,busselton,17.73,2.68
2177671.0,100.0,AU,1607301932.0,49.0,-30.52,151.65,18.89,armidale,18.89,1.79
3418910.0,100.0,GL,1607301932.0,97.0,72.79,-56.15,-6.57,upernavik,-6.57,1.91
2063042.0,27.0,AU,1607301932.0,62.0,-20.32,118.57,32.0,port hedland,32.0,6.7
5122534.0,90.0,US,1607301655.0,85.0,42.1,-79.24,-2.22,jamestown,-3.08,2.6
2094342.0,2.0,PG,1607301933.0,67.0,-2.57,150.8,29.72,kavieng,29.72,4.94
2074865.0,0.0,AU,1607301832.0,26.0,-24.87,113.63,29.0,carnarvon,29.0,6.2
964420.0,90.0,ZA,1607301933.0,93.0,-33.92,25.57,19.0,port elizabeth,19.0,6.2
3424607.0,99.0,GL,1607301850.0,58.0,65.61,-37.64,-2.0,tasiilaq,-2.0,6.7
529387.0,0.0,RU,1607301933.0,86.0,57.31,32.08,-2.6,marevo,-2.6,4.82
2332079.0,8.0,NG,1607301933.0,34.0,10.39,8.57,19.23,lere,19.23,0.95
2163355.0,75.0,AU,1607301934.0,47.0,-42.88,147.33,14.0,hobart,13.01,5.7
1502073.0,100.0,RU,1607301934.0,97.0,65.7,82.47,-9.02,krasnoselkup,-9.02,6.0
172515.0,0.0,SY,1607301934.0,77.0,35.3,37.18,10.22,abu samrah,10.22,1.34
6089245.0,75.0,CA,1607301934.0,91.0,65.28,-126.83,-18.0,norman wells,-18.0,1.0
4013679.0,90.0,MX,1607301934.0,83.0,18.73,-103.68,22.0,coahuayana,22.0,4.1
3985710.0,5.0,MX,1607301935.0,43.0,22.89,-109.91,23.0,cabo san lucas,23.0,5.1
2172880.0,100.0,AU,1607301935.0,65.0,-28.65,153.62,28.0,byron bay,28.0,3.1
686090.0,100.0,RO,1607301935.0,13.0,46.43,26.4,-0.56,asau,-0.56,2.14
2092164.0,100.0,PG,1607301834.0,63.0,-2.02,147.27,30.22,lorengau,30.22,3.34
766332.0,90.0,PL,1607301936.0,93.0,50.26,22.42,0.56,lezajsk,0.41,10.3
3372707.0,85.0,PT,1607301936.0,64.0,38.52,-28.7,15.79,ribeira grande,15.79,1.98
3369157.0,0.0,ZA,1607301461.0,72.0,-33.93,18.42,20.0,cape town,17.52,4.1
3464262.0,4.0,BR,1607301936.0,93.0,-15.53,-40.91,18.77,encruzilhada,18.77,2.3
3839479.0,0.0,AR,1607301937.0,52.0,-31.25,-61.49,19.44,rafaela,19.44,0.89
1879613.0,74.0,KP,1607301937.0,88.0,39.62,125.66,-0.48,anju,-0.48,1.96
6185377.0,90.0,CA,1607301904.0,92.0,62.46,-114.35,-7.0,yellowknife,-7.0,3.6
3423146.0,100.0,GL,1607301937.0,57.0,69.22,-51.1,-6.0,ilulissat,-6.0,8.2
1812256.0,0.0,CN,1607301938.0,90.0,39.82,109.98,-15.59,dongsheng,-15.59,2.51
1015776.0,100.0,ZA,1607301819.0,93.0,-34.53,20.04,17.0,bredasdorp,17.0,7.7
1282256.0,6.0,MV,1607301938.0,79.0,-0.6,73.08,27.85,hithadhoo,27.85,8.05
2420883.0,6.0,GN,1607301938.0,96.0,10.42,-13.58,21.97,fria,21.97,0.05
1591474.0,100.0,VN,1607301712.0,80.0,9.29,105.72,24.25,bac lieu,24.25,2.83
1277255.0,80.0,IN,1607301939.0,94.0,12.33,76.86,19.69,bannur,19.69,3.53
3443061.0,7.0,UY,1607301811.0,73.0,-33.7,-53.46,13.71,chuy,13.71,2.55
6165406.0,90.0,CA,1607301903.0,100.0,55.74,-97.86,-8.0,thompson,-8.0,1.5
3412093.0,100.0,IS,1607301939.0,79.0,63.44,-20.27,6.15,vestmannaeyjar,6.15,14.83
2264557.0,40.0,PT,1607301939.0,72.0,32.67,-17.1,16.0,ponta do sol,13.91,4.1
3628473.0,40.0,VE,1607301813.0,69.0,7.77,-72.22,28.0,san cristobal,28.0,1.0
4726521.0,20.0,US,1607301911.0,58.0,28.02,-97.52,14.0,san patricio,12.77,4.6
1684245.0,77.0,PH,1607301940.0,74.0,9.19,117.81,27.99,tagusao,27.99,1.82
5557293.0,90.0,US,1607301940.0,81.0,57.05,-135.33,8.0,sitka,8.0,11.3
5106841.0,15.0,US,1607301801.0,57.0,42.6,-73.97,-0.56,albany,-0.77,1.79
2212775.0,88.0,LY,1607301940.0,42.0,27.04,14.43,12.02,sabha,12.02,4.36
2155415.0,75.0,AU,1607301941.0,47.0,-42.78,147.06,14.0,new norfolk,12.94,5.7
1787837.0,75.0,CN,1607301941.0,73.0,20.35,110.13,21.0,xucheng,21.0,5.0
3893726.0,59.0,CL,1607301941.0,92.0,-35.33,-72.42,11.69,constitucion,11.69,3.93
2729907.0,90.0,SJ,1607301941.0,86.0,78.22,15.64,-2.0,longyearbyen,-2.0,8.7
1852357.0,40.0,JP,1607301941.0,82.0,34.67,138.95,13.0,shimoda,11.12,3.6
4956335.0,1.0,US,1607301941.0,59.0,41.71,-70.23,2.22,yarmouth,1.59,5.1
1855540.0,75.0,JP,1607301942.0,94.0,28.37,129.48,23.0,naze,21.98,4.6
3421765.0,48.0,GL,1607301942.0,94.0,60.14,-45.24,-0.64,nanortalik,-0.64,3.08
3347019.0,8.0,AO,1607301942.0,75.0,-15.2,12.15,19.18,namibe,19.18,3.71
1254709.0,93.0,IN,1607301831.0,60.0,27.92,96.17,16.9,tezu,16.9,0.75
5554428.0,90.0,US,1607301765.0,100.0,55.34,-131.65,9.0,ketchikan,9.0,7.7
5942547.0,12.0,CA,1607301648.0,82.0,53.22,-114.99,1.43,drayton valley,1.43,2.9
2127060.0,96.0,RU,1607301943.0,92.0,59.7,150.17,-11.82,arman,-11.82,3.75
2077895.0,75.0,AU,1607301943.0,33.0,-23.7,133.88,26.11,alice springs,25.62,4.1
1106677.0,40.0,MU,1607301825.0,83.0,-20.34,57.76,25.0,bambous virieux,25.0,5.1
3456593.0,94.0,BR,1607301943.0,82.0,-18.09,-39.55,24.4,mucuri,24.4,4.96
1172128.0,91.0,PK,1607301944.0,82.0,27.56,68.21,14.0,larkana,14.0,1.66
3894426.0,100.0,CL,1607301944.0,84.0,-45.58,-72.07,14.38,coihaique,14.38,1.94
4020109.0,6.0,PF,1607301944.0,76.0,-9.8,-139.03,25.74,atuona,25.74,6.69
5703673.0,1.0,US,1607301649.0,39.0,41.0,-115.5,0.56,elko,-0.44,2.6
3397763.0,100.0,BR,1607301944.0,87.0,-6.22,-57.75,24.49,jacareacanga,24.49,0.12
3366880.0,100.0,ZA,1607301944.0,87.0,-34.42,19.23,18.33,hermanus,18.33,3.13
478050.0,100.0,RU,1607301945.0,98.0,61.69,53.69,-2.81,ust-kulom,-2.81,3.07
3831208.0,100.0,GL,1607301945.0,71.0,77.48,-69.36,-18.72,qaanaaq,-18.72,1.12
4035715.0,83.0,CK,1607301945.0,74.0,-21.21,-159.78,29.0,avarua,29.0,6.2
780687.0,100.0,NO,1607301917.0,90.0,70.86,29.09,-0.55,berlevag,-0.55,1.77
2019488.0,100.0,RU,1607301946.0,75.0,62.72,129.67,-27.0,namtsy,-27.0,3.0
1275920.0,0.0,IN,1607301946.0,46.0,25.0,72.25,19.51,bhinmal,19.51,2.24
1819729.0,0.0,HK,1607301682.0,64.0,22.29,114.16,20.0,victoria,18.42,0.45
1790437.0,20.0,CN,1607301946.0,68.0,22.28,113.57,18.0,zhuhai,17.75,7.2
3420846.0,0.0,GL,1607301696.0,68.0,60.72,-46.03,-2.0,qaqortoq,-2.0,1.0
1337613.0,52.0,MV,1607301947.0,78.0,6.62,73.07,27.3,kulhudhuffushi,27.3,3.63
712515.0,0.0,UA,1607301947.0,86.0,48.5,39.05,-8.04,beloye,-8.04,6.53
1503153.0,63.0,RU,1607301947.0,92.0,52.27,79.17,-18.82,klyuchi,-18.82,0.87
1738050.0,20.0,MY,1607301947.0,88.0,4.41,114.01,26.0,miri,25.78,3.1
5367788.0,1.0,US,1607301799.0,87.0,34.64,-120.46,13.33,lompoc,12.83,5.7
3469932.0,100.0,BR,1607301948.0,89.0,-21.09,-45.57,21.3,boa esperanca,21.3,1.17
2126123.0,98.0,RU,1607301948.0,86.0,70.63,147.92,-30.7,chokurdakh,-30.7,1.73
5495360.0,1.0,US,1607301671.0,22.0,35.17,-103.72,13.0,tucumcari,13.0,0.75
4513583.0,90.0,US,1607301904.0,69.0,39.18,-84.53,3.33,hamilton,2.63,4.1
4290988.0,90.0,US,1607301948.0,80.0,37.69,-85.86,4.0,elizabethtown,3.78,2.6
2210554.0,0.0,LY,1607301949.0,40.0,31.21,16.59,15.31,surt,15.31,8.33
5546220.0,1.0,US,1607301912.0,15.0,37.1,-113.58,11.11,saint george,9.95,0.9
1714733.0,100.0,PH,1607301949.0,83.0,11.0,122.67,27.5,dingle,27.5,2.4
5563397.0,68.0,US,1607301949.0,83.0,40.8,-124.16,11.11,eureka,11.11,2.68
1242110.0,8.0,LK,1607301949.0,88.0,7.42,81.82,25.07,kalmunai,25.07,2.97
2071860.0,46.0,AU,1607301864.0,55.0,-33.87,121.9,17.0,esperance,17.0,3.1
293842.0,0.0,IL,1607301950.0,100.0,31.61,34.76,15.0,gat,13.35,0.45
3161456.0,90.0,NO,1607301950.0,100.0,68.56,17.52,0.0,bjerkvik,-1.78,3.6
1649150.0,4.0,ID,1607301787.0,81.0,-3.8,102.27,26.09,bengkulu,26.09,2.07
1856667.0,0.0,JP,1607301782.0,61.0,35.37,137.25,12.22,mizunami,11.32,1.55
4328010.0,90.0,US,1607301951.0,81.0,29.6,-90.72,10.0,houma,10.0,1.92
3994863.0,5.0,MX,1607301951.0,19.0,23.85,-104.23,13.0,nombre de dios,13.0,2.6
2063039.0,78.0,AU,1607301816.0,61.0,-14.25,129.55,32.2,port keats,32.2,2.26
1799384.0,100.0,CN,1607301808.0,83.0,29.29,121.42,14.44,ninghai,12.83,0.45
1847947.0,20.0,JP,1607301951.0,58.0,33.73,135.98,12.0,shingu,12.0,3.1
2161515.0,0.0,AU,1607301893.0,38.0,-34.68,150.87,26.11,kiama,24.83,4.47
3422683.0,100.0,GL,1607301952.0,93.0,68.31,-53.46,-5.09,kangaatsiaq,-5.09,5.35
2641434.0,1.0,GB,1607301952.0,96.0,51.03,-4.22,4.44,northam,1.85,1.34
337083.0,31.0,ET,1607301952.0,77.0,9.02,37.45,10.67,gedo,10.67,1.62
1786855.0,100.0,CN,1607301952.0,71.0,37.15,122.38,4.45,yatou,4.45,6.0
4754972.0,1.0,US,1607301952.0,91.0,38.5,-77.97,0.0,culpeper,0.0,3.0
5134295.0,90.0,US,1607301718.0,68.0,43.21,-75.46,-1.0,roma,-1.52,4.1
3361934.0,33.0,ZA,1607301841.0,87.0,-33.01,17.94,15.0,saldanha,15.0,3.1
889942.0,100.0,ZW,1607301731.0,92.0,-18.37,26.5,20.76,hwange,20.76,1.39
6067472.0,100.0,CA,1607301953.0,88.0,47.17,-55.15,8.01,marystown,8.01,2.63
1053507.0,81.0,MG,1607301953.0,100.0,-22.82,47.28,17.56,vondrozo,17.56,0.4
4033557.0,90.0,PF,1607301954.0,78.0,-17.73,-149.15,27.0,tautira,27.0,2.6
935214.0,20.0,RE,1607301954.0,73.0,-21.34,55.48,24.0,saint-pierre,21.19,2.6
3391889.0,20.0,BR,1607301954.0,83.0,-7.47,-34.81,26.0,pitimbu,26.0,3.6
5435464.0,1.0,US,1607301954.0,19.0,38.25,-104.61,8.33,pueblo,8.0,3.1
1622318.0,95.0,ID,1607301954.0,69.0,-9.66,120.26,29.09,waingapu,29.09,3.66
1006984.0,100.0,ZA,1607301954.0,91.0,-33.02,27.91,21.3,east london,21.3,7.88
556268.0,100.0,RU,1607301955.0,90.0,68.05,39.51,-1.86,ostrovnoy,-1.86,2.47
3430863.0,0.0,AR,1607301804.0,72.0,-38.0,-57.56,17.78,mar del plata,17.54,4.1
3939761.0,93.0,PE,1607301955.0,84.0,-11.1,-77.61,19.12,hualmay,19.12,3.07
5729080.0,90.0,US,1607301955.0,93.0,42.44,-123.33,7.22,grants pass,6.54,0.3
1131461.0,100.0,AF,1607301956.0,80.0,32.83,66.0,6.24,uruzgan,6.24,1.77
3374333.0,75.0,CV,1607301915.0,69.0,14.92,-23.51,24.0,praia,24.0,6.7
3392734.0,0.0,BR,1607301956.0,67.0,-9.41,-38.21,25.14,paulo afonso,25.14,5.6
5282297.0,0.0,US,1607301809.0,66.0,41.37,-73.41,0.0,bethel,-0.61,0.45
1572151.0,75.0,VN,1607301916.0,83.0,12.25,109.18,23.0,nha trang,23.0,3.6
3466196.0,85.0,BR,1607301956.0,94.0,-25.86,-52.52,16.05,chopinzinho,16.05,2.65
462914.0,0.0,RU,1607301957.0,95.0,53.75,34.74,-9.29,zhizdra,-9.29,3.03
1636022.0,20.0,ID,1607301957.0,94.0,-3.42,114.85,24.0,martapura,24.0,2.6
3708989.0,75.0,PA,1607301957.0,88.0,9.5,-82.62,25.0,guabito,25.0,1.44
3576994.0,0.0,TC,1607301729.0,74.0,21.46,-71.14,26.31,cockburn town,26.31,4.88
986717.0,100.0,ZA,1607301957.0,94.0,-34.0,24.73,19.44,kruisfontein,19.44,2.24
2015306.0,100.0,RU,1607301958.0,89.0,71.69,128.87,-25.18,tiksi,-25.18,1.66
1630789.0,100.0,ID,1607301958.0,77.0,-0.03,109.33,28.36,pontianak,28.36,3.19
3148133.0,100.0,NO,1607301958.0,91.0,62.2,5.58,3.33,larsnes,2.8,0.45
2122090.0,100.0,RU,1607301958.0,94.0,69.7,170.31,-14.94,pevek,-14.94,0.7
286621.0,40.0,OM,1607301958.0,73.0,17.02,54.09,23.0,salalah,23.0,1.5
2112802.0,20.0,JP,1607301959.0,87.0,35.73,140.83,10.0,hasaki,9.48,1.5
1489401.0,70.0,RU,1607301959.0,86.0,52.47,96.11,-22.38,toora-khem,-22.38,0.57
3359638.0,0.0,NA,1607301959.0,87.0,-22.96,14.51,16.11,walvis bay,16.11,1.18
2156643.0,75.0,AU,1607301805.0,76.0,-37.83,140.77,10.0,mount gambier,10.0,11.8
2083537.0,100.0,PG,1607301959.0,82.0,-3.55,143.63,26.41,wewak,26.41,2.04
2374583.0,0.0,GW,1607301960.0,66.0,11.28,-15.83,27.71,bubaque,27.71,4.94
933995.0,40.0,MU,1607301881.0,83.0,-20.52,57.52,25.0,souillac,25.0,5.1
2121385.0,100.0,RU,1607301960.0,90.0,50.68,156.12,-2.3,severo-kurilsk,-2.3,4.49
3372472.0,75.0,PT,1607301960.0,82.0,37.72,-25.43,14.0,vila franca do campo,14.0,2.1
1106643.0,40.0,MU,1607301961.0,83.0,-20.21,57.76,25.0,quatre cocos,25.0,5.1
108410.0,0.0,SA,1607301961.0,76.0,24.69,46.72,12.0,riyadh,12.0,2.1
2171085.0,70.0,AU,1607301961.0,54.0,-30.3,153.13,27.0,coffs harbour,27.0,3.6
1246294.0,52.0,LK,1607301961.0,86.0,6.04,80.22,24.53,galle,24.53,1.8
1895695.0,40.0,JP,1607301961.0,76.0,31.46,131.23,13.0,kushima,12.2,3.1
2137773.0,44.0,NC,1607301870.0,84.0,-22.67,167.48,25.17,vao,25.17,7.51
4360592.0,1.0,US,1607301962.0,52.0,38.27,-76.45,6.0,lexington park,2.68,3.3
1735106.0,20.0,MY,1607301962.0,88.0,5.41,100.34,26.0,georgetown,25.35,0.5
3105522.0,100.0,ES,1607301870.0,100.0,43.27,-7.54,10.0,bereda,9.71,2.24
3389822.0,62.0,BR,1607301787.0,79.0,-0.61,-47.36,27.01,salinopolis,27.01,4.96
3899695.0,0.0,CL,1607301869.0,72.0,-41.87,-73.82,16.0,ancud,16.0,1.5
5563839.0,85.0,US,1607301963.0,81.0,40.6,-124.16,11.11,fortuna,10.91,3.15
2127202.0,75.0,RU,1607301963.0,73.0,64.75,177.48,-5.0,anadyr,-5.0,2.0
5059430.0,1.0,US,1607301674.0,86.0,47.94,-97.43,-2.0,grand forks,-2.4,2.6
5110365.0,90.0,US,1607301963.0,79.0,42.25,-75.83,-1.67,broome,-3.12,3.6
6255012.0,0.0,AU,1607301963.0,38.0,-34.58,150.86,26.11,flinders,26.11,4.47
5859699.0,90.0,US,1607301957.0,71.0,64.86,-147.8,-14.0,college,-15.35,3.6
2252473.0,0.0,SN,1607301964.0,54.0,14.18,-16.67,26.0,diofior,24.86,3.1
1645133.0,75.0,ID,1607301964.0,76.0,1.68,101.45,27.28,dumai,27.28,0.58
3386213.0,75.0,BR,1607301964.0,83.0,-5.2,-35.46,26.0,touros,26.0,2.6
2037069.0,0.0,CN,1607301964.0,88.0,47.45,126.93,-13.59,hailun,-13.59,3.33
2629833.0,0.0,IS,1607301866.0,85.0,66.04,-17.34,-10.0,husavik,-10.0,1.0
5983720.0,90.0,CA,1607301965.0,72.0,63.75,-68.51,-10.0,iqaluit,-10.0,3.6
3451241.0,58.0,BR,1607301965.0,93.0,-21.8,-54.55,21.34,rio brilhante,21.34,2.82
3466165.0,100.0,BR,1607301813.0,88.0,-30.18,-50.21,18.81,cidreira,18.81,8.59
1490256.0,90.0,RU,1607301965.0,92.0,69.49,88.4,-11.0,talnakh,-11.0,10.0
3670812.0,99.0,CO,1607301965.0,70.0,4.28,-74.76,25.15,ricaurte,25.15,1.07
3838859.0,0.0,AR,1607301877.0,35.0,-51.62,-69.22,21.0,rio gallegos,21.0,7.7
2110227.0,10.0,KI,1607301966.0,80.0,3.07,172.79,27.32,butaritari,27.32,6.36
2618795.0,54.0,FO,1607301966.0,72.0,62.23,-6.59,4.0,klaksvik,4.0,5.1
935215.0,20.0,RE,1607301966.0,73.0,-21.36,55.77,24.0,saint-philippe,21.61,2.6
1861084.0,20.0,JP,1607301966.0,87.0,35.37,132.77,8.0,izumo,8.0,3.6
5380437.0,1.0,US,1607301790.0,82.0,36.62,-121.92,13.33,pacific grove,12.04,2.6
1631637.0,100.0,ID,1607301754.0,82.0,1.17,108.97,27.97,pemangkat,27.97,6.26
610298.0,0.0,KZ,1607301967.0,91.0,45.32,55.2,-12.2,beyneu,-12.2,3.81
2015217.0,100.0,RU,1607301967.0,92.0,53.13,132.9,-19.87,tokur,-19.87,1.83
3374210.0,77.0,CV,1607301967.0,75.0,14.9,-24.5,24.15,sao filipe,24.15,6.18
3421193.0,100.0,GL,1607301968.0,95.0,61.99,-49.67,-0.38,paamiut,-0.38,4.63
2017155.0,100.0,RU,1607301968.0,90.0,71.92,114.08,-22.73,saskylakh,-22.73,2.76
359792.0,0.0,EG,1607301968.0,31.0,24.09,32.91,16.05,aswan,16.05,2.11
2422924.0,0.0,GN,1607301968.0,89.0,10.94,-14.3,23.32,boke,23.32,1.56
3932145.0,0.0,PE,1607301968.0,82.0,-13.7,-76.22,19.0,pisco,18.46,8.2
1528998.0,99.0,CN,1607301968.0,91.0,40.28,97.2,-12.01,yumen,-12.01,2.06
1701054.0,96.0,PH,1607301969.0,85.0,8.0,124.29,26.67,marawi,26.67,0.45
3471451.0,75.0,BR,1607301969.0,94.0,-22.97,-42.03,25.0,arraial do cabo,25.0,5.7
5372190.0,1.0,US,1607301969.0,48.0,36.75,-120.38,16.0,mendota,15.15,3.6
3662342.0,20.0,BR,1607301969.0,95.0,-0.13,-67.09,23.39,sao gabriel da cachoeira,23.39,0.6
231550.0,0.0,UG,1607301970.0,93.0,0.92,31.77,16.46,kiboga,16.46,0.96
2126710.0,62.0,RU,1607301970.0,94.0,63.05,179.32,-7.39,beringovskiy,-7.39,2.07
895953.0,100.0,ZM,1607301970.0,96.0,-13.54,23.1,18.41,zambezi,18.41,2.1
1486321.0,77.0,RU,1607301970.0,95.0,66.83,70.83,-2.69,yar-sale,-2.69,9.84
3447720.0,90.0,BR,1607301679.0,94.0,-21.21,-47.6,23.0,serrana,23.0,1.5
3855065.0,0.0,AR,1607301970.0,27.0,-39.03,-67.58,30.0,general roca,30.0,3.1
3517970.0,75.0,MX,1607301971.0,69.0,15.74,-96.47,26.0,pochutla,26.0,1.27
3381538.0,87.0,GF,1607301971.0,85.0,4.25,-54.38,24.16,grand-santi,24.16,1.31
934322.0,40.0,MU,1607301971.0,83.0,-20.41,57.7,25.0,mahebourg,25.0,5.1
1495626.0,99.0,RU,1607301971.0,96.0,65.85,74.49,-3.96,pangody,-3.96,9.26
2020584.0,100.0,RU,1607301971.0,93.0,56.17,107.45,-13.01,magistralnyy,-13.01,3.28
2643044.0,100.0,GB,1607301904.0,82.0,51.38,1.39,5.56,margate,4.93,0.89
3421719.0,16.0,GL,1607301972.0,68.0,60.92,-46.05,-2.0,narsaq,-2.0,1.0
3374036.0,20.0,BB,1607301739.0,74.0,13.1,-59.62,26.0,bridgetown,26.0,6.2
3896281.0,0.0,CL,1607301972.0,60.0,-41.01,-73.12,20.0,casma,19.01,3.1
3373329.0,75.0,PT,1607301972.0,82.0,37.77,-25.7,14.0,arrifes,14.0,2.1
296852.0,0.0,TR,1607301973.0,100.0,36.96,36.2,6.0,erzin,4.11,1.5
1791779.0,65.0,CN,1607301973.0,80.0,18.8,110.4,20.63,wanning,20.63,6.26
6078372.0,90.0,CA,1607301973.0,92.0,51.26,-80.61,-10.0,moose factory,-10.98,2.6
3361142.0,16.0,ZA,1607301973.0,87.0,-29.66,17.89,7.5,springbok,7.5,0.78
2427697.0,79.0,TD,1607301973.0,29.0,8.34,17.77,22.8,moissala,22.8,0.86
240210.0,98.0,CF,1607301973.0,25.0,10.28,22.79,19.77,birao,19.77,2.09
1629380.0,100.0,ID,1607301974.0,80.0,-8.61,120.47,22.84,ruteng,22.84,1.34
2347954.0,97.0,NG,1607301974.0,29.0,11.52,13.69,20.02,bama,20.02,0.88
2281120.0,5.0,CI,1607301974.0,82.0,4.42,-7.35,25.54,tabou,25.54,1.95
779330.0,100.0,NO,1607301974.0,97.0,69.01,23.04,-6.31,kautokeino,-6.31,2.71
2108502.0,40.0,SB,1607301974.0,70.0,-9.43,159.95,31.0,honiara,31.0,3.1
2120048.0,93.0,RU,1607301975.0,74.0,64.57,143.2,-33.91,ust-nera,-33.91,1.04
471607.0,0.0,RU,1607301975.0,92.0,56.84,45.43,-8.12,voskresenskoye,-8.12,2.74
6453316.0,75.0,NO,1607301975.0,86.0,69.65,18.96,-2.0,tromso,-2.72,6.2
1695546.0,100.0,PH,1607301975.0,85.0,14.05,124.17,27.21,pandan,27.21,5.24
3395062.0,100.0,BR,1607301975.0,76.0,-3.38,-57.72,26.04,maues,26.04,0.67
2262957.0,40.0,PT,1607301975.0,87.0,38.44,-9.1,14.44,sesimbra,13.61,4.1
2070998.0,0.0,AU,1607301976.0,21.0,-28.77,114.6,28.0,geraldton,28.0,6.2
3372760.0,75.0,PT,1607301976.0,87.0,38.73,-27.07,14.0,praia da vitoria,12.98,3.72
5506956.0,1.0,US,1607301734.0,10.0,36.17,-115.14,15.0,las vegas,13.56,1.5
95788.0,0.0,IQ,1607301976.0,50.0,33.64,42.83,12.04,hit,12.04,3.48
3468560.0,66.0,BR,1607301977.0,95.0,-30.51,-53.49,13.58,cacapava do sul,13.58,4.0
1259385.0,0.0,IN,1607301977.0,73.0,11.67,92.75,26.78,port blair,26.78,4.94
2264508.0,100.0,PT,1607301977.0,95.0,39.29,-7.43,11.11,portalegre,9.87,2.24
2026979.0,59.0,RU,1607301977.0,78.0,51.51,104.15,-9.34,baykalsk,-9.34,1.78
4174301.0,100.0,US,1607301977.0,73.0,28.71,-82.08,16.11,sumter,16.11,1.06
3354077.0,0.0,NA,1607301978.0,26.0,-18.06,13.84,18.93,opuwo,18.93,3.17
3372783.0,75.0,PT,1607301860.0,82.0,37.73,-25.67,14.0,ponta delgada,14.0,2.1
290030.0,0.0,QA,1607301978.0,64.0,25.29,51.53,20.0,doha,19.14,5.7
5423092.0,1.0,US,1607301813.0,65.0,39.55,-107.32,3.33,glenwood springs,0.9,0.76
2123814.0,96.0,RU,1607301978.0,88.0,69.38,178.42,-11.75,leningradskiy,-11.75,0.43
358048.0,0.0,EG,1607301979.0,77.0,31.42,31.81,16.0,damietta,16.0,3.6
3382160.0,0.0,GF,1607301979.0,100.0,4.93,-52.33,25.0,cayenne,25.0,3.68
2013279.0,98.0,RU,1607301866.0,94.0,46.49,135.88,-12.4,vostok,-12.4,2.38
4021858.0,83.0,MX,1607301979.0,55.0,27.98,-114.06,17.42,guerrero negro,17.42,3.69
3988265.0,0.0,MX,1607301979.0,34.0,29.05,-109.23,14.74,sahuaripa,14.74,1.17
2972270.0,95.0,FR,1607301979.0,30.0,49.64,-1.57,7.22,tourlaville,7.22,0.89
1650232.0,20.0,ID,1607301980.0,70.0,-8.19,114.97,30.0,banjar,30.0,2.6
304013.0,0.0,TR,1607301980.0,54.0,36.64,33.44,7.57,mut,7.57,0.55
1786538.0,51.0,CN,1607301980.0,75.0,29.04,114.56,8.3,yining,8.3,0.65
3470137.0,0.0,BR,1607301980.0,78.0,-15.86,-38.88,25.0,belmonte,25.0,3.1
5509851.0,100.0,US,1607301852.0,12.0,36.21,-115.98,13.33,pahrump,9.44,0.45
2610343.0,31.0,FO,1607301981.0,78.0,62.16,-7.17,4.0,vestmanna,4.0,5.1
4026082.0,78.0,MX,1607301981.0,76.0,17.96,-102.2,25.6,lazaro cardenas,25.6,2.16
3173615.0,5.0,IT,1607301981.0,86.0,41.0,15.65,5.56,melfi,4.32,8.2
1278466.0,0.0,IN,1607301981.0,53.0,22.88,87.78,17.71,arambagh,17.71,0.69
2206089.0,75.0,AU,1607301981.0,47.0,-42.91,147.35,14.0,sandy bay,13.02,5.7
4034551.0,76.0,PF,1607301981.0,71.0,-16.48,-151.75,27.1,faanui,27.1,4.07
515805.0,96.0,RU,1607301982.0,92.0,43.06,44.74,-2.0,oktyabrskoye,-2.0,5.0
777682.0,45.0,NO,1607301982.0,91.0,70.03,20.97,-0.11,skjervoy,-0.11,5.71
337010.0,0.0,ET,1607301982.0,62.0,8.82,40.52,15.16,gelemso,15.16,1.83
2637487.0,25.0,GB,1607301711.0,89.0,50.9,-1.4,3.33,southampton,1.9,0.89
118191.0,75.0,IR,1607301728.0,100.0,37.14,50.29,8.0,rudsar,8.0,5.39
1277769.0,0.0,IN,1607301982.0,52.0,23.25,82.55,14.15,baikunthpur,14.15,0.27
1244926.0,5.0,LK,1607301983.0,100.0,6.12,81.12,22.0,hambantota,22.0,1.0
2136825.0,100.0,VU,1607301983.0,75.0,-19.55,169.27,28.45,isangel,28.45,4.85
1169187.0,53.0,PK,1607301851.0,82.0,27.66,68.36,14.0,naudero,14.0,1.81
2120591.0,100.0,RU,1607301983.0,99.0,60.47,166.1,-6.45,tilichiki,-6.45,3.06
2208248.0,52.0,NZ,1607301983.0,44.0,-46.28,169.85,18.77,kaitangata,18.77,3.64
5919850.0,90.0,CA,1607301984.0,92.0,49.78,-74.85,-10.0,chapais,-10.0,4.1
3428068.0,0.0,AR,1607301984.0,100.0,-26.62,-54.13,16.93,san vicente,16.93,1.18
583345.0,0.0,RU,1607301984.0,93.0,50.15,48.57,-15.08,aleksandrov gay,-15.08,2.69
3374083.0,20.0,BB,1607301984.0,74.0,13.22,-59.52,26.0,bathsheba,26.0,6.2
2030065.0,0.0,MN,1607301984.0,84.0,45.76,106.27,-19.99,mandalgovi,-19.99,6.31
2152659.0,100.0,AU,1607301984.0,57.0,-31.43,152.92,24.0,port macquarie,24.0,1.5
1229901.0,14.0,LK,1607301985.0,95.0,7.93,81.0,23.64,polonnaruwa,23.64,0.91
2160336.0,75.0,AU,1607301985.0,51.0,-38.18,144.47,15.0,leopold,14.43,9.3
265711.0,100.0,GR,1607301985.0,77.0,36.73,24.43,17.0,adamas,17.0,6.7
5359864.0,1.0,US,1607301691.0,72.0,34.41,-119.86,17.22,isla vista,16.42,1.5
537238.0,100.0,RU,1607301985.0,92.0,45.63,41.4,-3.7,ladovskaya balka,-3.7,10.01
5905393.0,100.0,CA,1607301770.0,93.0,48.65,-53.11,5.0,bonavista,5.0,0.5
6111862.0,90.0,CA,1607301903.0,81.0,50.7,-127.42,10.0,port hardy,9.61,8.7
2177069.0,100.0,AU,1607301986.0,65.0,-28.87,153.57,28.0,ballina,28.0,3.1
64814.0,22.0,SO,1607301986.0,78.0,9.49,50.81,23.7,bandarbeyla,23.7,3.21
1067565.0,23.0,MG,1607301920.0,93.0,-25.17,45.05,21.12,beloha,21.12,3.66
3571913.0,100.0,BS,1607301986.0,76.0,26.54,-77.06,24.2,marsh harbour,24.2,5.29
5746545.0,90.0,US,1607301345.0,81.0,45.52,-122.68,8.33,portland,7.42,2.6
2128983.0,70.0,JP,1607301986.0,89.0,44.35,142.46,0.79,nayoro,0.79,4.96
103630.0,0.0,SA,1607301849.0,63.0,17.49,44.13,18.0,najran,18.0,1.41
2035601.0,0.0,CN,1607301987.0,89.0,49.18,125.22,-15.8,nenjiang,-15.8,3.1
3795152.0,40.0,VE,1607301987.0,69.0,8.22,-72.24,28.0,la fria,28.0,1.0
2850132.0,90.0,DE,1607301987.0,90.0,53.7,10.77,5.0,ratzeburg,4.82,1.34
4946620.0,20.0,US,1607301987.0,58.0,42.16,-72.33,-1.0,palmer,-1.57,5.7
2126199.0,100.0,RU,1607301988.0,93.0,68.75,161.3,-17.91,cherskiy,-17.91,0.88
1282898.0,66.0,NP,1607301988.0,67.0,28.23,83.98,13.08,pokhara,13.08,1.11
1633419.0,100.0,ID,1607301800.0,68.0,-0.95,100.35,27.4,padang,27.4,0.74
5962442.0,98.0,CA,1607301988.0,74.0,43.75,-81.72,-1.0,goderich,-1.0,1.5
5967988.0,1.0,CA,1607301903.0,74.0,50.1,-108.48,1.0,gull lake,1.0,9.3
2688368.0,100.0,SE,1607301989.0,93.0,58.59,16.18,6.0,norrkoping,5.87,6.2
3984997.0,0.0,MX,1607301989.0,56.0,30.48,-115.95,15.69,san quintin,15.69,2.99
4031574.0,20.0,RU,1607301989.0,67.0,64.38,-173.3,-8.0,provideniya,-8.0,2.0
128008.0,100.0,IR,1607301989.0,95.0,37.62,48.53,-5.46,khalkhal,-5.46,1.75
5225507.0,1.0,US,1607301989.0,89.0,41.7,-71.42,0.0,warwick,-0.26,4.6
802000.0,90.0,RU,1607301990.0,82.0,42.35,47.96,4.0,gerga,4.0,6.0
2450173.0,0.0,ML,1607301990.0,40.0,22.68,-3.98,14.55,taoudenni,14.55,2.33
2063036.0,94.0,AU,1607301990.0,61.0,-34.73,135.87,15.28,port lincoln,15.28,10.33
3430443.0,0.0,AR,1607301691.0,50.0,-38.55,-58.74,18.33,necochea,18.33,6.16
5972291.0,90.0,CA,1607301990.0,92.0,50.23,-63.6,-2.0,havre-saint-pierre,-2.0,10.8
2128815.0,75.0,JP,1607301991.0,86.0,42.92,143.2,-1.0,obihiro,-1.0,0.5
2174444.0,76.0,AU,1607301888.0,43.0,-20.02,148.23,32.0,bowen,32.0,5.7
2034995.0,6.0,CN,1607301991.0,93.0,44.7,127.2,-13.44,shanhetun,-13.44,4.98
1855342.0,90.0,JP,1607301727.0,100.0,26.18,127.76,22.0,nishihara,21.35,3.1
2276492.0,2.0,LR,1607301991.0,80.0,4.38,-7.72,25.67,harper,25.67,1.8
476062.0,28.0,RU,1607301991.0,93.0,60.76,46.31,-5.7,velikiy ustyug,-5.7,3.62
2986626.0,0.0,FR,1607301992.0,93.0,48.38,-4.62,4.0,plouzane,2.69,2.6
2176639.0,0.0,AU,1607301992.0,42.0,-35.72,150.18,23.33,batemans bay,19.7,6.26
3126369.0,100.0,ES,1607301992.0,90.0,43.21,-8.69,11.11,carballo,10.75,3.58
5742974.0,1.0,US,1607301992.0,87.0,43.41,-124.22,12.0,north bend,10.67,3.1
5699404.0,1.0,US,1607301992.0,26.0,41.87,-103.67,7.0,scottsbluff,5.83,2.6
237379.0,97.0,CF,1607301992.0,26.0,8.41,20.65,21.95,ndele,21.95,2.03
3929611.0,90.0,PE,1607301993.0,73.0,-11.95,-75.28,10.9,san jeronimo,10.9,1.72
4171522.0,90.0,US,1607301993.0,52.0,27.73,-82.74,19.0,saint pete beach,17.83,4.1
2189343.0,100.0,NZ,1607301993.0,66.0,-35.1,173.78,26.11,kaeo,26.11,3.13
5849297.0,40.0,US,1607301993.0,48.0,20.79,-156.47,31.0,kihei,27.02,4.1
777019.0,100.0,NO,1607301993.0,85.0,70.37,31.11,0.82,vardo,0.82,0.99
5955826.0,90.0,CA,1607301994.0,92.0,48.6,-93.4,-2.0,fort frances,-2.0,2.1
4735966.0,1.0,US,1607301867.0,50.0,31.1,-97.34,12.22,temple,11.38,2.6
2409914.0,98.0,SL,1607301994.0,83.0,7.53,-12.51,26.29,bonthe,26.29,3.05
6148373.0,90.0,CA,1607301994.0,92.0,50.1,-91.92,-3.0,sioux lookout,-3.0,1.5
3527006.0,75.0,MX,1607301994.0,48.0,18.77,-98.55,17.0,huaquechula,17.0,5.7
6153766.0,100.0,CA,1607301995.0,65.0,55.78,-118.84,5.0,spirit river,5.0,2.1
2022773.0,100.0,RU,1607301995.0,86.0,62.67,135.6,-27.64,khandyga,-27.64,1.97
4036284.0,75.0,NU,1607301995.0,70.0,-19.06,-169.92,30.0,alofi,30.0,6.2
5882953.0,100.0,CA,1607301995.0,77.0,68.22,-135.01,-18.0,aklavik,-20.37,1.22
3838233.0,40.0,AR,1607301933.0,64.0,-24.79,-65.41,20.0,salta,20.0,3.1
4336191.0,100.0,US,1607301854.0,91.0,30.03,-89.95,10.56,orleans,10.27,3.51
2138522.0,32.0,NC,1607301996.0,52.0,-21.35,165.15,30.82,poya,30.82,3.1
5866063.0,90.0,US,1607301783.0,62.0,60.55,-151.26,-2.22,kenai,-3.09,7.2
2109701.0,82.0,SB,1607301996.0,77.0,-8.77,160.7,29.02,auki,29.02,0.73
4993659.0,90.0,US,1607301997.0,63.0,42.33,-83.33,1.0,garden city,-0.26,2.1
3356343.0,0.0,NA,1607301997.0,53.0,-28.02,18.75,13.57,karasburg,13.57,4.21
1516048.0,7.0,MN,1607301997.0,81.0,48.01,91.64,-18.49,hovd,-18.49,0.27
3353383.0,100.0,NA,1607301997.0,73.0,-17.93,19.77,21.78,rundu,21.78,1.18
5067114.0,40.0,US,1607301998.0,85.0,41.3,-96.17,1.11,douglas,0.83,0.61
3545867.0,100.0,CU,1607301998.0,85.0,21.88,-82.8,25.34,nueva gerona,25.34,4.16
1492607.0,95.0,RU,1607301998.0,93.0,56.35,78.36,-16.46,severnoye,-16.46,5.09
2501152.0,0.0,DZ,1607301872.0,75.0,36.37,6.61,5.0,constantine,5.0,5.7
3445026.0,75.0,BR,1607301719.0,78.0,-20.33,-40.29,26.0,vila velha,25.48,5.1
2297810.0,0.0,GH,1607301998.0,83.0,5.26,-0.76,26.39,mumford,26.39,4.57
4034188.0,55.0,PF,1607301998.0,80.0,-22.43,-151.33,26.2,moerai,26.2,7.75
161312.0,16.0,TZ,1607301999.0,90.0,-4.22,35.75,16.87,babati,16.87,0.61
3893629.0,75.0,CL,1607301854.0,82.0,-29.95,-71.34,14.0,coquimbo,14.0,3.6
1170395.0,100.0,PK,1607301999.0,42.0,34.78,72.36,11.8,mingaora,11.8,2.37
2037391.0,0.0,CN,1607301999.0,85.0,40.44,113.15,-15.04,fengzhen,-15.04,1.04
2122614.0,18.0,RU,1607301999.0,88.0,53.51,142.97,-13.38,ekhabi,-13.38,6.29
53654.0,0.0,SO,1607301999.0,76.0,2.04,45.34,26.13,mogadishu,26.13,4.52
2016680.0,49.0,RU,1607302000.0,94.0,49.76,129.52,-15.7,shirokiy,-15.7,1.6
3421319.0,100.0,GL,1607302000.0,80.0,64.18,-51.72,-1.0,nuuk,-1.0,3.1
3373652.0,20.0,BB,1607301752.0,74.0,13.07,-59.53,26.0,oistins,26.0,6.2
1263983.0,0.0,IN,1607302000.0,91.0,23.93,92.48,12.49,mamit,12.49,1.04
2132606.0,52.0,PG,1607301873.0,72.0,-10.62,150.67,29.52,samarai,29.52,5.61
1731248.0,100.0,PH,1607302000.0,83.0,12.22,125.48,28.56,alugan,28.56,3.62
3414079.0,100.0,IS,1607301922.0,93.0,64.89,-23.71,0.57,olafsvik,0.57,5.29
364933.0,0.0,SD,1607302001.0,24.0,13.6,26.69,20.75,umm kaddadah,20.75,5.76
2487130.0,0.0,DZ,1607302001.0,68.0,36.1,0.42,10.07,sidi ali,10.07,4.29
1337605.0,98.0,MV,1607302001.0,77.0,3.78,72.97,27.74,mahibadhoo,27.74,4.69
3860443.0,0.0,AR,1607302001.0,77.0,-45.87,-67.5,19.0,comodoro rivadavia,19.0,2.74
320533.0,0.0,TR,1607302002.0,79.0,37.46,30.59,15.0,bucak,8.44,3.1
534423.0,0.0,RU,1607302002.0,91.0,56.83,30.15,-4.11,loknya,-4.11,4.86
6167817.0,90.0,CA,1607302002.0,100.0,47.67,-52.73,10.0,torbay,9.58,5.1
2447513.0,0.0,NE,1607302002.0,22.0,18.74,7.39,22.93,arlit,22.93,0.77
64435.0,0.0,SO,1607302003.0,79.0,10.44,45.01,25.28,berbera,25.28,0.84
4017992.0,93.0,MX,1607302003.0,54.0,20.45,-102.47,17.59,margaritas,17.59,1.11
778707.0,100.0,NO,1607301938.0,92.0,71.04,27.85,-1.87,mehamn,-1.87,2.18
2441482.0,0.0,NE,1607302003.0,23.0,13.0,8.91,21.68,magaria,21.68,2.7
523048.0,0.0,RU,1607302003.0,74.0,44.17,39.0,3.78,nebug,3.78,5.74
2090021.0,38.0,PG,1607302004.0,72.0,-3.67,152.43,29.34,namatanai,29.34,3.99
2065594.0,75.0,AU,1607302004.0,19.0,-20.73,139.5,32.0,mount isa,32.0,5.7
2063030.0,90.0,AU,1607302004.0,42.0,-33.18,138.02,20.0,port pirie,20.0,8.7
2012530.0,100.0,RU,1607302004.0,89.0,66.77,123.37,-23.18,zhigansk,-23.18,6.84
1529484.0,0.0,CN,1607302004.0,83.0,42.8,93.45,-8.06,hami,-8.06,0.84
1651531.0,20.0,ID,1607302005.0,78.0,-3.7,128.18,28.0,ambon,28.0,1.0
3703946.0,100.0,PA,1607302005.0,82.0,9.44,-78.59,27.01,nargana,27.01,3.98
1261853.0,0.0,IN,1607302005.0,76.0,18.42,84.05,18.7,narasannapeta,18.7,2.69
1018673.0,18.0,ZA,1607302005.0,44.0,-27.65,25.61,21.06,bloemhof,21.06,2.2
3466174.0,34.0,BR,1607302005.0,90.0,-23.66,-52.6,19.23,cianorte,19.23,3.89
5895424.0,90.0,CA,1607302006.0,100.0,47.6,-53.26,10.0,bay roberts,9.05,5.1
2194098.0,98.0,NZ,1607302006.0,68.0,-35.17,173.17,22.37,ahipara,22.37,5.57
3407216.0,100.0,BR,1607302006.0,78.0,-8.42,-37.05,21.73,arcoverde,21.73,4.18
454537.0,0.0,LV,1607302006.0,47.0,57.09,24.55,1.0,vangazi,-0.29,7.2
2541479.0,20.0,MA,1607302007.0,66.0,35.17,-2.93,9.0,nador,9.0,2.1
5783695.0,1.0,US,1607301976.0,74.0,40.53,-112.3,0.56,tooele,-0.75,1.19
739598.0,86.0,TR,1607302008.0,82.0,41.77,34.87,5.46,sinop,5.46,0.67
2738381.0,86.0,PT,1607301931.0,95.0,40.16,-8.33,10.56,lata,10.56,3.13
2019135.0,100.0,RU,1607302008.0,90.0,58.84,125.49,-15.99,nizhniy kuranakh,-15.99,4.53
3385899.0,100.0,BR,1607302009.0,80.0,-2.76,-42.27,27.36,tutoia,27.36,6.03
3356832.0,9.0,NA,1607302009.0,87.0,-22.12,14.28,16.11,henties bay,16.11,0.21
4031637.0,6.0,RU,1607301893.0,93.0,65.58,-171.0,-9.27,lavrentiya,-9.27,4.81
161154.0,0.0,TZ,1607302009.0,92.0,-2.63,31.31,14.92,biharamulo,14.92,0.98
2142316.0,20.0,AU,1607302009.0,46.0,-23.13,150.73,32.0,yeppoon,32.0,4.6
6445060.0,8.0,FR,1607302009.0,64.0,43.3,6.63,7.22,sainte-maxime,6.0,5.1
934479.0,6.0,MU,1607302010.0,80.0,-20.01,57.66,25.0,grand gaube,25.0,1.34
1493162.0,100.0,RU,1607302010.0,96.0,60.06,71.48,-9.24,salym,-9.24,3.59
2032201.0,0.0,MN,1607302010.0,79.0,48.81,103.53,-17.22,bulgan,-17.22,1.19
3698359.0,69.0,PE,1607302010.0,81.0,-7.84,-79.15,20.0,chicama,20.0,2.31
1733953.0,93.0,MY,1607302010.0,84.0,5.03,118.33,27.74,lahad datu,27.74,1.08
3920244.0,100.0,BO,1607302010.0,82.0,-16.41,-67.53,15.8,chulumani,15.8,0.41
3577430.0,75.0,VG,1607301924.0,78.0,18.42,-64.62,26.0,road town,24.7,3.6
608324.0,0.0,KZ,1607302011.0,93.0,44.17,52.12,-8.69,shetpe,-8.69,2.64
1337607.0,63.0,MV,1607302011.0,78.0,2.67,72.89,28.01,kudahuvadhoo,28.01,5.71
251411.0,100.0,GR,1607302011.0,71.0,37.0,22.7,14.44,yerakion,13.75,1.5
2108857.0,71.0,SB,1607302011.0,68.0,-8.1,156.84,29.75,gizo,29.75,1.98
3416888.0,90.0,IS,1607302012.0,93.0,63.84,-22.43,2.0,grindavik,2.0,7.7
2146219.0,40.0,AU,1607302012.0,58.0,-25.3,152.85,31.0,hervey bay,30.68,9.3
4032369.0,75.0,TO,1607302012.0,83.0,-19.8,-174.35,28.0,pangai,28.0,5.1
553518.0,100.0,RU,1607302012.0,87.0,60.95,29.13,0.0,kamennogorsk,0.0,0.45
3421982.0,100.0,GL,1607302013.0,97.0,65.42,-52.9,-3.18,maniitsoq,-3.18,6.27
2158767.0,92.0,AU,1607302013.0,55.0,-17.0,145.43,32.78,mareeba,31.46,3.6
528242.0,0.0,RU,1607302013.0,78.0,47.69,40.1,-9.0,mayskiy,-9.0,10.0
4676798.0,1.0,US,1607302013.0,49.0,31.71,-98.99,8.0,brownwood,8.0,2.88
4129397.0,1.0,US,1607302013.0,80.0,35.28,-93.13,6.67,russellville,5.88,1.85
2015707.0,100.0,RU,1607302014.0,89.0,54.1,123.57,-19.89,takhtamygda,-19.89,0.74
609906.0,0.0,KZ,1607302014.0,91.0,44.51,50.26,-4.55,fort-shevchenko,-4.55,7.09
988698.0,100.0,ZA,1607302014.0,100.0,-34.04,23.05,17.0,knysna,17.0,6.2
5847411.0,40.0,US,1607302014.0,48.0,20.89,-156.47,31.0,kahului,27.19,4.1
5870133.0,1.0,US,1607302014.0,44.0,64.5,-165.41,-8.0,nome,-8.0,4.6
1090397.0,40.0,YT,1607302014.0,78.0,-12.91,45.19,27.0,bandrele,27.0,2.1
2641598.0,92.0,GB,1607302015.0,96.0,51.59,-3.0,5.0,newport,3.74,2.31
2145554.0,0.0,AU,1607302015.0,27.0,-35.35,150.47,24.0,ulladulla,22.25,11.8
5924351.0,90.0,CA,1607301817.0,91.0,70.47,-68.59,-16.0,clyde river,-16.0,1.5
2126785.0,100.0,RU,1607302015.0,86.0,68.53,146.42,-31.09,belaya gora,-31.09,0.54
1624679.0,98.0,ID,1607302015.0,84.0,-7.19,107.89,21.92,tarogong,21.92,1.34
4033375.0,100.0,PF,1607302015.0,71.0,-16.78,-151.5,27.57,tevaitoa,27.57,5.19
4031742.0,8.0,RU,1607302016.0,84.0,66.32,-179.17,-12.39,egvekinot,-12.39,2.41
2398283.0,38.0,GA,1607302016.0,99.0,0.78,11.55,20.35,mitzic,20.35,1.24
909299.0,100.0,ZM,1607302016.0,62.0,-12.29,33.18,21.24,lundazi,21.24,2.68
3382226.0,27.0,GF,1607302017.0,85.0,3.17,-52.32,23.88,camopi,23.88,1.99
2020812.0,92.0,RU,1607302017.0,94.0,45.48,133.42,-11.16,lesozavodsk,-11.16,2.72
3409644.0,100.0,BR,1607302017.0,86.0,-3.74,-43.34,24.68,corrente,24.68,1.34
5354943.0,1.0,US,1607302017.0,71.0,37.46,-122.43,14.44,half moon bay,12.73,4.1
8079926.0,100.0,ID,1607301848.0,81.0,-6.88,112.21,28.04,labuhan,28.04,8.82
1497543.0,75.0,RU,1607302018.0,85.0,60.93,76.55,-9.0,nizhnevartovsk,-9.0,6.0
1488903.0,100.0,RU,1607302018.0,95.0,65.82,87.98,-12.76,turukhansk,-12.76,5.82
1802068.0,90.0,CN,1607302019.0,93.0,31.26,117.28,5.0,lujiang,5.0,1.0
3622716.0,6.0,CR,1607302019.0,91.0,10.15,-85.45,23.47,nicoya,23.47,0.98
1797117.0,100.0,CN,1607302020.0,88.0,30.63,117.85,7.53,rongcheng,7.53,2.02
1639304.0,20.0,ID,1607301999.0,94.0,-3.01,114.39,24.0,kualakapuas,24.0,2.6
2068110.0,75.0,AU,1607301842.0,74.0,-15.77,128.73,31.0,kununurra,31.0,2.1
962367.0,21.0,ZA,1607301913.0,93.0,-28.78,32.04,20.87,richards bay,20.87,3.02
2013918.0,100.0,RU,1607302020.0,90.0,60.42,134.53,-23.12,ust-maya,-23.12,2.36
2181625.0,27.0,NZ,1607302020.0,51.0,-45.42,167.72,16.35,te anau,16.35,4.79
3346821.0,24.0,AO,1607302021.0,28.0,-17.07,15.73,21.9,ondjiva,21.9,2.91
1293625.0,46.0,MM,1607302021.0,69.0,14.08,98.2,21.63,dawei,21.63,2.05
417594.0,18.0,IR,1607302021.0,89.0,32.03,51.88,3.36,shahreza,3.36,0.51
146209.0,1.0,CY,1607302022.0,87.0,35.04,33.98,15.56,paralimni,14.21,2.6
1525988.0,6.0,KZ,1607302022.0,91.0,47.97,80.44,-15.33,ayagoz,-15.33,3.96
2636790.0,1.0,GB,1607302023.0,93.0,58.21,-6.39,3.33,stornoway,2.55,0.5
4845585.0,1.0,US,1607301802.0,51.0,41.14,-73.36,2.0,westport,0.69,4.6
2016307.0,0.0,RU,1607302023.0,83.0,50.72,136.63,-10.88,solnechnyy,-10.88,0.77
2654993.0,82.0,GB,1607301791.0,87.0,53.79,-1.75,4.44,bradford,4.17,0.64
1650064.0,100.0,ID,1607302023.0,67.0,-2.63,115.23,29.67,tabat,29.67,0.67
1279227.0,1.0,IN,1607302023.0,53.0,18.7,76.93,16.06,ahmadpur,16.06,1.11
3489657.0,20.0,JM,1607302024.0,78.0,18.45,-78.17,27.0,lucea,26.52,1.5
3933981.0,91.0,PE,1607302024.0,75.0,-11.97,-75.33,10.25,orcotuna,10.25,1.6
2654970.0,0.0,GB,1607302024.0,75.0,60.4,-1.35,7.0,brae,7.0,6.7
3407762.0,65.0,BR,1607302024.0,79.0,1.0,-52.0,24.55,amapa,24.55,1.85
2630299.0,100.0,IS,1607302024.0,90.0,64.25,-15.21,1.02,hofn,1.02,4.26
2980080.0,90.0,FR,1607302024.0,100.0,46.42,3.91,3.33,saint-francois,2.59,1.58
2028028.0,96.0,RU,1607302025.0,83.0,50.28,113.29,-13.4,aksha,-13.4,5.14
1489863.0,97.0,RU,1607302025.0,94.0,53.67,87.44,-16.1,tayzhina,-16.1,1.48
5861897.0,90.0,US,1607301977.0,71.0,64.84,-147.72,-14.0,fairbanks,-15.41,3.6
2021041.0,5.0,RU,1607302025.0,76.0,49.58,111.98,-15.07,kyra,-15.07,2.97
6176823.0,40.0,CA,1607301904.0,73.0,43.47,-80.52,-4.0,waterloo,-4.44,3.6
6111696.0,100.0,CA,1607302025.0,74.0,50.03,-66.87,-2.0,port-cartier,-2.08,9.3
3451138.0,100.0,BR,1607302026.0,85.0,-32.03,-52.1,18.33,rio grande,18.33,2.24
5972762.0,100.0,CA,1607302026.0,92.0,60.82,-115.8,-9.0,hay river,-9.99,1.0
2402689.0,8.0,SL,1607302026.0,96.0,7.32,-11.31,23.16,zimmi,23.16,0.77
359783.0,0.0,EG,1607302026.0,43.0,27.18,31.18,13.0,asyut,13.0,5.1
5044290.0,90.0,US,1607302026.0,86.0,45.02,-93.22,1.11,saint anthony,1.04,1.5
1650527.0,40.0,ID,1607302026.0,100.0,-1.27,116.83,27.0,balikpapan,27.0,3.1
3463124.0,0.0,BR,1607302027.0,65.0,-11.05,-45.19,22.81,formosa do rio preto,22.81,0.57
3147104.0,75.0,NO,1607302027.0,64.0,67.3,14.75,4.0,loding,4.0,5.1
5467024.0,1.0,US,1607301903.0,22.0,35.99,-106.08,7.0,espanola,7.0,3.1
1529376.0,89.0,CN,1607301890.0,86.0,41.76,86.15,-4.5,korla,-4.5,0.72
3671497.0,0.0,CO,1607302027.0,88.0,10.99,-74.95,27.0,puerto colombia,27.0,3.1
1732826.0,20.0,MY,1607301878.0,74.0,2.43,103.84,28.0,mersing,28.0,5.1
779261.0,98.0,NO,1607302028.0,92.0,70.95,27.35,-1.36,kjollefjord,-1.36,2.48
1280849.0,75.0,CN,1607302028.0,79.0,39.45,75.98,-3.0,kashi,-3.0,1.0
212902.0,87.0,CD,1607302028.0,97.0,-2.95,25.95,20.29,kindu,20.29,0.44
186180.0,0.0,KE,1607302028.0,73.0,3.52,39.06,20.12,moyale,20.12,1.01
779683.0,0.0,NO,1607302028.0,63.0,70.66,23.68,-1.0,hammerfest,-1.0,9.3
2646630.0,75.0,GB,1607302029.0,100.0,57.71,-3.43,3.89,hopeman,3.3,2.6
1510018.0,100.0,RU,1607302029.0,91.0,52.54,85.21,-16.78,biysk,-16.78,0.7
2634096.0,64.0,GB,1607302029.0,92.0,54.55,-3.58,2.22,whitehaven,2.22,0.45
157429.0,3.0,TZ,1607302029.0,75.0,-7.91,39.67,26.96,kilindoni,26.96,2.92
3682047.0,98.0,CO,1607302029.0,74.0,2.39,-75.55,20.8,gigante,20.8,1.44
1849892.0,40.0,JP,1607302029.0,70.0,35.5,134.23,8.0,tottori,8.0,4.6
592459.0,0.0,EE,1607302030.0,58.0,57.83,26.54,0.56,antsla,-1.04,3.1
6180285.0,40.0,CA,1607301741.0,48.0,54.15,-115.69,4.0,whitecourt,4.0,1.0
2634739.0,89.0,GB,1607302030.0,93.0,53.39,-2.58,5.0,warrington,3.96,1.0
1927639.0,100.0,CN,1607302030.0,84.0,29.33,113.09,6.29,yueyang,6.29,3.57
3874960.0,0.0,CL,1607301756.0,63.0,-41.47,-72.94,18.0,puerto montt,18.0,3.1
1687894.0,75.0,PH,1607302030.0,88.0,14.31,121.11,27.22,santa rosa,26.96,0.5
4005143.0,5.0,MX,1607302031.0,36.0,27.93,-110.9,24.0,guaymas,24.0,5.7
2028462.0,0.0,MN,1607302031.0,74.0,47.91,106.88,-31.0,ulaanbaatar,-31.0,0.37
3125287.0,100.0,ES,1607302031.0,96.0,43.67,-7.41,12.22,cervo,11.11,0.89
5129780.0,90.0,US,1607301830.0,85.0,42.08,-78.43,-2.22,olean,-3.53,1.5
